comment_id,text,video_id
UgzIMr4MU6dZ_zi5DhZ4AaABAg,"So excited to be learning about economics!! I recently switched my major from computer science & engineering to city & regional planning, so I will be taking principles of microeconomics. I never took econ in high school, so this course is helping me feel prepared and ready to tackle micro! (I would otherwise be nervous because my professor does not have the best reviews.) However, being able to understand macroeconomics through this course will certainly be helpful in my life and career even if itâ€™s not a required course for my major!! So excited to be diving into planning :)",B43YEW2FvDs
UgzmBoAuv8m3P8FIK7R4AaABAg,She love xin Jinping!,B43YEW2FvDs
UgzGA8syhXCgXKjyKz94AaABAg,This video is produced a while ago and even then the video is excellent in 2024 =) Continue these incredible videos Crash Course â¤â¤,B43YEW2FvDs
UgzmPHlplEEM-QRXCq54AaABAg,Jacob your pace !!ðŸ˜¢ðŸ˜¢ðŸ˜¢ðŸ˜¢,B43YEW2FvDs
UgzTrCdKjeZvT1bUQwl4AaABAg,She reminded me of holly from the office â™¥ï¸,B43YEW2FvDs
UgyouopU0TMv5I1GefZ4AaABAg,"Wow, great vid. Did anyone understand the hidden message behind her changing her shirt?",B43YEW2FvDs
UgzxMvKpeHh-82o9Ked4AaABAg,Compliment time: Adriene Hill reminds me of Lorelai Gilmore (similar personality).,B43YEW2FvDs
UgyS6ooUJBljqj0knmJ4AaABAg,uuuuuhhhhhhhh 3:33,B43YEW2FvDs
UgyMkGjnTq4jxthG04V4AaABAg,Nobody cares about buying a new iphone if there's a bomb dropping on your head ðŸ˜‚,B43YEW2FvDs
UgzxMgvtBGdeSnEo5Pd4AaABAg,Gracias profe claudio ðŸ›,B43YEW2FvDs
UgwYVUP4d0xTvvePqZZ4AaABAg,"What I keep noticing is that free market economies are excellent at creating rapid economic growth, but economies that are more socialized are better at closing the socioeconomic divide. What if we started planning economies that are mostly free markets during times of economic instability, but more socialized during times of prosperity gained by capitalism? That way, we would experience necessary economic booms during times of crisis, and we would radically reduce poverty once our economy reaches a safe zone. And if we need more economic growth afterward, reduce government intervention temporarily and do the cycle again. Why donâ€™t we make this about the long-term benefits we could give to the overall economy as well as people in need? How about we make laws that account for these time-dependent nuances?",B43YEW2FvDs
UgyGW4ouALGtsHv7w4V4AaABAg,Thank you very much!,B43YEW2FvDs
UgwSD1ElbC4wP0cqBat4AaABAg,Thanks for this Wonderful Course Team!,B43YEW2FvDs
UgxgZx4Ei63AEBp-5Gt4AaABAg,Jacob loves AC/DC,B43YEW2FvDs
Ugy4L-0HZkRXllpO_mF4AaABAg,"Fantastic Video! A bunch of my favorite quotations all wrapped into one vid, this one is the best I've seen",B43YEW2FvDs
UgwKeihEuzzvsFjLpPd4AaABAg,"As a 30 year old who NEVER paid attention in school, I LOVE THESE VIDEOS!

Thank you to everyone involved.",B43YEW2FvDs
Ugzu7onD5bNoxbwyym14AaABAg,This video was amazing !,B43YEW2FvDs
UgypAJ1O_71_IJ8oTmx4AaABAg,6:32 don't they also get money from printing?,B43YEW2FvDs
Ugxyuqln2RPh31XTzJ94AaABAg,"I really love the video, but they talking too fast!",B43YEW2FvDs
UgxdqSXXYf7VmVbY4714AaABAg,Excellent video! Thanks so much!,B43YEW2FvDs
UgwjgBUVkEiA6bH8_nN4AaABAg,Awesome class,B43YEW2FvDs
Ugxvd2b9Te39cdeps494AaABAg,"oh wait a min..
JACOB CLIFFORD THE BEST ECON TEACHER!!",B43YEW2FvDs
UgztW_PjopL0XTqIyD54AaABAg,"""actually it will end when humanity ends""",B43YEW2FvDs
UgyLThAB2j5JFlRzVVZ4AaABAg,"this was for my social studies class and i forgotto do it, so currently up at 10:00 completing it",B43YEW2FvDs
Ugyu9MuK9mS4ZCXCHRF4AaABAg,"It's heart breaking that the only content we have of Adrienne is this, i'm totally in love with her teaching skills and could listen to her for hours! Dream teacher.",B43YEW2FvDs
UgyoAmej-W8dPyZ0G494AaABAg,"I love economics and I love CrashCourse. But the videos are too fast-paced and even if you already understand the concepts well, it's too hard to follow along with the video because it jumps forward from one topic to the next too quickly. 
I set the speed to .75 to be able to understand what's going on but the audio is slightly choppy and the voices sound drunk.",B43YEW2FvDs
UgwSBVkdcvcbfyG9Q0Z4AaABAg,WINK WINK,B43YEW2FvDs
Ugzp2oOvSzS2v-vKy054AaABAg,Michael Scott and Holly,B43YEW2FvDs
Ugxwic1VhUFkVtwbd6t4AaABAg,I hate this,B43YEW2FvDs
Ugy1S4t-8HctlPfDvbZ4AaABAg,"June 2020, it's good time to talk about economics",B43YEW2FvDs
UgzwIL1SJboEDArWwwh4AaABAg,"Until about 5 min in hosts talked too fast and had trouble following what was being said.  I was watching for course from WGU,",B43YEW2FvDs
UgyRVAbXmWaBKNlM4ZR4AaABAg,i actually prefer the blue shirt but okay,B43YEW2FvDs
UgxAImyNEbbkELJNOwF4AaABAg,"Good video, informative. BUT. What the hell is the crazy mad rush? Why are you talking so ridiculously quickly please? What is this about?!",B43YEW2FvDs
UgxYDuw5uliN_Uisj094AaABAg,CliFFoRD !!?!!,B43YEW2FvDs
UgyvqCn34A_BRo5946h4AaABAg,"""There are no solutions, only trade-offs"" -Thomas Sowell",B43YEW2FvDs
UgymPU8RI_cPp5ohuNp4AaABAg,COMMIES REEEE,B43YEW2FvDs
Ugy1BWyimxPgJqvR3bZ4AaABAg,So interesting the medical services are not even mentioned in public services.,B43YEW2FvDs
UgxqZspdzCH032PH_cx4AaABAg,"Minute 9:11, holy cow! So true...",B43YEW2FvDs
UgzRyGfJQeWrucR3oJp4AaABAg,"â€œItâ€™s hard to find support for command economies outside of North Korea...â€

*Bernie Sanders has entered the chat*",B43YEW2FvDs
Ugxegz6Z8U2E2ntu5AN4AaABAg,Talk slowly man.. We are here to learn something.. Not to enjoy the tunes of your speech..,B43YEW2FvDs
UgxMrpEscGuilwmjrjZ4AaABAg,jim nmsl,B43YEW2FvDs
UgyRchoED-MunxJdfgN4AaABAg,jim nmsl,B43YEW2FvDs
UgyQTQCKiPAojz613UB4AaABAg,jim nmsl,B43YEW2FvDs
UgyJGndz-IWul0Bq7EZ4AaABAg,"Thank you Jacob Clifford and Adriene Hill, and CrashCourse team.
I was wondering if it is ethical/legal to localize this content and produce something almost similar in a different language? :)",B43YEW2FvDs
Ugy0bwljmIqOfp63VbZ4AaABAg,Can someone explain to me what the connection of the socialism stuff is to the planned and market economies because my mind is not following at all...,B43YEW2FvDs
UgwJdw7Xc7cjUnfDFux4AaABAg,Here 4 years later. I took economics during winter intercession and it was some things I didnâ€™t retain. Thank you crash course! Being knowledgeable about economics is so vital!,B43YEW2FvDs
Ugzt9eICpGnTx9T1Zh94AaABAg,Slow down Jacob you ain't Sonic the Hedgehog,B43YEW2FvDs
UgwiRV0Q3HEfeE2lUBR4AaABAg,This guy needs to either be replaced or get speaking lectures. The girl does well.,B43YEW2FvDs
Ugx8R2K9gMy7nGRS1jp4AaABAg,Superb! Wink wink!,B43YEW2FvDs
Ugxx7xSu9IbamJXjRHx4AaABAg,1:30 DAS KAPITAL!!!,B43YEW2FvDs
UgwenjJFKoA0j_Gkq9h4AaABAg,"I had to stop, rewind and replay sooooo many of jacob's parts. I get it I'm also a fast talker, and have to remind myself to SLOOOOOWW down",B43YEW2FvDs
Ugw6zuiC06vAID45vhR4AaABAg,The DeLorean is still cool,B43YEW2FvDs
UgypiEOWYvpVEJgeAQF4AaABAg,ACDC belt,B43YEW2FvDs
UgwcqCQOqIOIHWpVANB4AaABAg,the crashing part of this course is me crashing a plane into the world trade center,B43YEW2FvDs
UgzlGjKGDHmZzhg54Xt4AaABAg,Is it just me or does the Mr.Cliiford guy look a lot like Mark Cuban?,B43YEW2FvDs
UgywCPe8cQr87cr9lPx4AaABAg,"Communist Countries such as China, Vietnam, North Korea, and Cuba.",B43YEW2FvDs
UgwTPPTKVNAsvJqwoDR4AaABAg,Economic Systems are Different!,B43YEW2FvDs
UgyAjhLwySxHIw-wzu94AaABAg,The green shirt loks like a scrub suit.,B43YEW2FvDs
UgwefWDjNtBHvNwzcDB4AaABAg,watching in 0.75 playback speed lol,B43YEW2FvDs
UgyaxSxwxBwCbDS5ChB4AaABAg,Im just here Bc I have to,B43YEW2FvDs
UgwYqT0VNtBMdyuHMOd4AaABAg,9:10 â€œPrescient!â€ he said from the midst of worldwide stay-at-home policies during the coronavirus pandemic. This crisis will test the economic systems of all nations. How will healthcare be provided? How will economic recovery proceed once (if?) weâ€™ve weathered COVID-19? Both economic and governmental systems may be forced to rethink some things.,B43YEW2FvDs
UgwjiROo9YhrFPGOl5x4AaABAg,You both are the best. God bless you .,B43YEW2FvDs
UgwQzvmuwfaeaNFlzIt4AaABAg,"at 6:45, dollar signs should be pointing toward the government, not from it",B43YEW2FvDs
UgzdXbEvxv8pdGPLWMp4AaABAg,i hate this video,B43YEW2FvDs
UgwfsCHdyf7XuezLwsF4AaABAg,He speaks very fast,B43YEW2FvDs
UgxjtPRz8cNB_hPT8cB4AaABAg,"The DeLorean part is completely wrong:
It DOES travel through time, but only to the future at the 1s/s rate",B43YEW2FvDs
Ugx6cTWQq19EhaNPv7Z4AaABAg,"Love you both, esp. Adriene really funny ..ðŸ˜ðŸ˜Š",B43YEW2FvDs
Ugwfm2Nl897MeulPt4h4AaABAg,how did these guys get 10 mil subs?,B43YEW2FvDs
Ugw_y4_9DtwzwcTLj094AaABAg,"If businesses want free reign for the market, they should stay out of govt influencing. :P",B43YEW2FvDs
UgxIldd2Am6t9OWGf454AaABAg,Will you please do a video on The Free Enterprise system?,B43YEW2FvDs
Ugx2bMlcoaSx3y1MqAd4AaABAg,"I mean OK videos.
Try not to take her in the videos,it's really cringe , handling that overacting.
Guy is greatðŸ‘",B43YEW2FvDs
UgwKnCeBjxYSN9bZxQd4AaABAg,"Thank you so so so so much for this video, this is literally exactly what I was hoping for, it's just what I needed. Just a brilliant, perfect summary of planned/market economies, perfect simplicity.",B43YEW2FvDs
UgyMm_uinM9tNPW1dTh4AaABAg,"""Well, actually, it will end, when humanity ends, because microscopic organisms..."" 

Aight I've learnt enough.",B43YEW2FvDs
UgxMDOm66le70RiCa2d4AaABAg,AC DC belt,B43YEW2FvDs
UgyUkpMb0vV9Qop_Yh94AaABAg,I watch at 0.75 speed for Jacob,B43YEW2FvDs
Ugw_CM9bHEbQFZ6t1Rt4AaABAg,My guy this sucks,B43YEW2FvDs
UgzES36JEKikj29EjmZ4AaABAg,Ma i sottotitoli in italiano?,B43YEW2FvDs
UgznjNfW9dxml9JiJWJ4AaABAg,Did anyone else notice the Illuminati elephant at  5:42?,B43YEW2FvDs
UgyMn63F_66gwLP4cJJ4AaABAg,That guy is wearing an AC/DC belt,B43YEW2FvDs
UgxPWN_V8AR7KlaqrP14AaABAg,The shirt is in fact better,B43YEW2FvDs
UgzgvZIe8nTKcfHrflt4AaABAg,"i put his voice at half the speed to understand him, but then i get offended cause it sounds like he's slowing things down for the dumbasses in the class",B43YEW2FvDs
Ugx2_QbRhV5jBS7EWiB4AaABAg,"thank you,, i  never thought i would enjoy economics but i do now",B43YEW2FvDs
UgyUtwiq4CJTzIruhXt4AaABAg,"Thank you CrashCourse and team and all the patrons (Mark Brouwer, Jan Schmid, Anna-Ester Volozh, Robert Kunz, Jason A Saslow, Christian Ludvigsen, Chris Peters, Brad Wardell, Beatrice Jin, Roger C. Rocha, Eric Knight, Jessica Simmons, Jeffrey Thompson, Elliot Beter, Today I Found Out, James Craver, Ian Dundore, Jessica Wode, SR Foxley, Sandra Aft, Jacob Ash, Steve Marshall) for making education free for many.",B43YEW2FvDs
UgxCfEwgGaonsgvRQ1R4AaABAg,"Ok summary. However, fails to note that China's success has come at the cost of its people living in polluted cities, substandard products (hence buildings that collapse from poor materials, etc), etc. That it remains a military dictatorship. That its wealth is based on poor decision by Clinton to sign trade agreement that allowed production in China, which with its forced low cost of production due to government not allowing unions, etc., has cost the U.S. millions of jobs - resulting in 2008 recession and lack of recovery. If you examine Sinoland by John Poole it will be noted this is part of a long term plan to ruin the U.S. military so China can conquer America without war.",B43YEW2FvDs
UgyBZDsFCbUK2vFq1Ml4AaABAg,ðŸ‘ðŸ¿ðŸ¤˜ðŸ¿,B43YEW2FvDs
UgygZqTauRNk1HYBx1x4AaABAg,ðŸ‘ðŸ¿ðŸ‘ðŸ¿ðŸ‘ðŸ¿ðŸ‘ðŸ¿ def Travel into the future like the passed on car companies themselves and there car cars,B43YEW2FvDs
Ugz5pPF7jdCCcwuIejJ4AaABAg,watch this,B43YEW2FvDs
UgzR5FbtjdLoY1ksOJ14AaABAg,The gov is not paying for it we are and they are taking are cash and wasting in that is why we are 22T down right now they don't have cash we do,B43YEW2FvDs
UgwhUJxorAUDPD8z_Gp4AaABAg,so we can sale what we like and people wish to buy like the so we can build like the Tucker 48 O right the gov shut them down.,B43YEW2FvDs
UgygYUwLjKDiFGNXPsZ4AaABAg,But they can't built the car we wish to have gov say's they have to build what we say or you can't sale it it's not safe so how is that free???,B43YEW2FvDs
UgxQPrfbymtNsiyALdp4AaABAg,am I the only one that see this as a sale point for Marks no it will work you are just doing it wrong  That is right up there with no you can breath water you are just doing it wrong and we are going to keep showing you with people until one of you get it right.  What a joke.,B43YEW2FvDs
Ugy2YDIJq-U88knxZ-p4AaABAg,"7:36 Â¨The optimal ammount of government planning and free market is up to your personal valuesÂ¨ no, its up to the materials availeble for each country, and each countries characteristics. For example, a country for a relatively high capital to labor ration due to oil reserves inside of it might benefir from more governement control, beceause there is less of a need of free market allocation of resources (theres only one important one, which is already allocated by the governemnt in other countries) a country with a high labor to capital ration might need more Â¨free marketÂ¨ and Â¨private enterprisesÂ¨ to optimize its capital and be more productive per person. Ultimately, it is up to the evaluation of the material conditions.",B43YEW2FvDs
UgwSCRnNd_-wzzX52MB4AaABAg,"Terrible definition of what is Socialism and what is Capitalism. 

Socialism is not = ""more State"" 

And Capitalism is not = ""less State"". 

Socialism means = more PUBLIC ownership of property (than private), but nobody ever said that it has to be necessarily centralized (could very well be decentralized), even less so in the Government. For example, you can research Participative Economics, Cooperative Enterprises, Consumers Cooperatives, Guild Socialism, and the whole work of guys like Oskar Lange, Paul Cockshott, and Pat Devine.

Also, just like Communism, complete Laissez Faire economies never existed anywhere in the world in history. Because there can't be private property in large scale for a long period of time without some kind of authority to secure it, like Legislative power, Judiciary power, Military, Police, etc, whatever (which kind of explains the transition from Feudalism to Capitalism om history). 
In other words, Capitalism doesn't mean just ""market economy"", but that in that market, the big majority of property is PRIVATE.",B43YEW2FvDs
UgyW23Cv2nxaA10PIuN4AaABAg,Thank you for providing free content like this Crash Course!,B43YEW2FvDs
UgxYhunayAxChhRXFUR4AaABAg,the man. talks fast!!!!!!!!!!!!!!,B43YEW2FvDs
UgzqTjdf-ey5uZr9Kwd4AaABAg,Jacob is a rapper,B43YEW2FvDs
UgwCKEECThEX7H87JDl4AaABAg,"say no more, say no more, nudge nudge wink wink, nudge and a wink same think to a blind bat on a hot day!",B43YEW2FvDs
Ugx_wTc4CT8S8Jqrfcx4AaABAg,Where did you guys get that statue from im loving it,B43YEW2FvDs
UgzP7zqvEXO49Dx-CB14AaABAg,Shadow of invisible hand 2:49 ðŸ˜„,B43YEW2FvDs
UgwP1Q8AuSoxTaVayOZ4AaABAg,"And we all want to live in New Zealand, not in North Korea.",B43YEW2FvDs
UgwiigFETGBZngUnGaV4AaABAg,"This shows how stupid mainstream economists are. Around 5:50 they say that the Government needs to tax or borrow in order to get the money to spend. Everyone knows this is wrong. Take out a dollar bill and look at it. It tells you on its face where it comes from. It comes from the Federal Government. So they have it exactly backwards. The Government does not tax us in order to get the money to spend. We need to get the money from the Government in order to pay our taxes. 



The fact that mainstream economists have such an obvious fact backwards explains why they completely missed 2008 coming, and why they can't explain anything about the modern economy (unless it's after the fact, of course). It's a pseudo science of highly educated but profoundly stupid people.",B43YEW2FvDs
Ugwu7HD2_HT2o2ldSyB4AaABAg,Thank you for the video - could you please try to talk a little slower in the future - my english is good but even I struggled to keep up with how the speed you guys were talking at.  :),B43YEW2FvDs
UgzIBwBveJAYuCVCe_t4AaABAg,I had to listed to them at 0.75 speed. Lol Thank you for the course!!,B43YEW2FvDs
Ugz_NyWl6Q2LqruFShh4AaABAg,"Question: In this circular flow model, if household as a whole get paid for $10 for their labor, then in order to profit,  the businesses as a whole need to sell products at a greater price than $10 which the household exactly doesn't have. How does economy work then?",B43YEW2FvDs
UgwpbsQP9tTG0cqMAMV4AaABAg,Dude slow down you talk way to fast,B43YEW2FvDs
UgyYx54B290LRU2nts54AaABAg,"I have a questions about the need for a government. Why is it so certain the tree market won't provide what are considered public services such as streets, education or law and order. Private education exists, private security and even private healthcare. And government has proved over and over again that they fail at their job, as bridges built by the government do fall and public education or health in many places lack quality. Also, to say that ""most people don't care about pollution"" for example is also false, otherwise their wouldn't be a market for bamboo toothbrushes. And government regulations can lead to to stagnation due to burocracy.",B43YEW2FvDs
UgxqlZJrDsFqVsUWyZ54AaABAg,I want someone to look at me the same way Adriene looks at Jacob 8:58,B43YEW2FvDs
UgxaM1WM5_wKO2_BMmx4AaABAg,"Deng Xiaoping? Lady China started growing in the 90', far after his government.

 This video is strongly pro-capitalist as it doesn't show what the benefits of communism are.
It even points out North Korea as the last example of communism, totally ignoring Vietnam",B43YEW2FvDs
UgwNkDLwq_PPccTMr554AaABAg,The only videos where I decrease the Playback Speed.,B43YEW2FvDs
Ugz2GGb1HOV50BA3s1p4AaABAg,"Mr. Clifford should really ask John how to say ""Roll the intro""",B43YEW2FvDs
UgwalM0tifctjHCMv894AaABAg,Iâ€™m gonna fail my Econ exam because this humor is so cringe,B43YEW2FvDs
UgwzSBaHRSgH2hoQKSN4AaABAg,literally have to pause after every other sentence and rewind a few times for notes for my econ class because the talk ridiculously fast.,B43YEW2FvDs
UgyfZyWIhS4nOmep6iV4AaABAg,you talk too damn fast.,B43YEW2FvDs
Ugxxd667jd9zuA_3dTB4AaABAg,That intro is pure cringe.,B43YEW2FvDs
UgzL3c7yHkurClZtvyd4AaABAg,"also denmark isn't socialist, they just have strong welfare states",B43YEW2FvDs
UgyMN5Q_7gCUlN1EF514AaABAg,Around the 9 minute mark she keeps looking at him like she wants to tenderize his schmeat,B43YEW2FvDs
UgygfvLabSmmmGxB8014AaABAg,I feel like the kid at 6:25 is childhood Hank haha,B43YEW2FvDs
UgwcYvt7O5NtAZKTP8t4AaABAg,Thrash* course . What a introduction OMG. Cringefest,B43YEW2FvDs
UgyQ2pWkUVGahzWgZqZ4AaABAg,She is very funny ðŸ˜„ðŸ˜„,B43YEW2FvDs
Ugyyajz-SPsTq3RsiLR4AaABAg,I donâ€™t understand why you need to speak so quickly. It was so fast that I checked the playback speed to see if I increased the it,B43YEW2FvDs
Ugy3YPJkLXXOhd5snIh4AaABAg,"Both jaccob clifford and adriene hill are awesome, thanks for providing the value
But adriene hill is just so cuteðŸ¤©",B43YEW2FvDs
UgzmPfKfrVDWuphlXj94AaABAg,"""Consumers can't make good choices if they're not educated""
As an admittedly, very stupid 21 year old about to go back to college For economics specifically and having no real knowledge yet, it really feels like this right here is the problem.",B43YEW2FvDs
Ugy7SciCZrU_6dZHtpR4AaABAg,guys you really needs to speak a little be slower... calm down,B43YEW2FvDs
Ugzkm9m2YZM5ZFZ8f_l4AaABAg,"Episode 3 and we're already on our 3rd unique ACDC belt buckle, I love this guy.",B43YEW2FvDs
UgzzFyd4ljFcqigGjKN4AaABAg,It's sort of funny how they call United States a free market ðŸ˜,B43YEW2FvDs
UgzOIh-08oZhc36VYBN4AaABAg,who stan?,B43YEW2FvDs
Ugx1r6c2B3dTDitREzV4AaABAg,"1) As a social order, we have to figure out three things:
 - What will we produce?
 - How to produce it?
 - Who will get it?
2) Two different economic systems: market economies and planned economies.
 a. In planned economy, government controls labor, land and capital.
 b. Communism is primarily defined by the lack of private property. Class-lessness is a symptom of having no private property. There are no communist countries in the world.
 c. Often socialism has some private property and some public ownership.
 d. Command economy is totally controlled by government.
 f. In market economies, individuals control production to get profit.
Invisible hand - the unintended social benefits resulting from individual actions.
""It's not from the benevolence of the butcher, the brewer, or the baker, that we expect our dinner, but from the regard to their own interest.""
The mechanism of the invisible hand is that if you produce unwanted or shoddy products, a competitor will produce better more desirable products and put you out of business. This results in businesses that produce the things that people want/demand most, at lower prices.
3) Modern economies are neither completely free market nor planned. There's a spectrum of government involvement.
4) Circular flow model.
 a. Modern economy is made above households (individuals like him and you) and businesses.
 b. Businesses sell goods and services to households in product market.
 c. Households earn the money by selling labor to businesses.
 d. Businesses pay for the resources on resource market.
 f. Government also buys products and resources, i.e. to buy cars from businesses and hire policemen to drive them.
 e. Government gets the money from taxes, households and businesses (and borrowing).",B43YEW2FvDs
UgwKwKXD2r7jtlY9oUR4AaABAg,I dig that AC/DC belt!,B43YEW2FvDs
UgzxdHFi-l0ozlXNs_F4AaABAg,"The arrows at 640 pointing away from the capital building should point both ways. They hire, but also tax individuals, and purchase but tax corps.",B43YEW2FvDs
UgyUxNJP0l6QF3_BeW54AaABAg,"""In a free market economic like united States"" 
Oligopolies: [Evil laugh]",B43YEW2FvDs
UgwGNLvP4KPItwPBIqN4AaABAg,A set of 55 Bicycle Economies help to meet the needs,B43YEW2FvDs
UgwROooBrRjs5kcUtXt4AaABAg,They talk too fast I know it's a crash course but damn,B43YEW2FvDs
UgwADq1BiX6q-NOOQ2N4AaABAg,Civil service is not socialism. Emergency services and building roads and bridges is not socialism! Civil service jobs are tax funded jobs that people do for the greater good instead of profit. When government deficit spends to pay high salaries that's when we enter into a planned economy/ socialism.,B43YEW2FvDs
UgzG4l93QqxdhcWfh454AaABAg,"""Nobody really cares about the new iPhone if there's a bomb dropping on your head""

sure?  in 2014 Iraqis  were looking for latest version of  iphone and samsung in bazaar while ISIL fighters were on door steps.",B43YEW2FvDs
Ugzt1zwV5bbtDqFvqa54AaABAg,Anyone noticed AC DC,B43YEW2FvDs
UgzcoBubeF6cu2sj-a14AaABAg,anyone else notice the acdc belt.,B43YEW2FvDs
UgwqrExqwFVz1IAOdGZ4AaABAg,"I like Thomas Sowell. I think economists don't concern themselves with answering questions about how SHOULD a government become involved (if at all!) to alleviate poverty, and, essentially, redistribute wealth because the answers to those questions depend on moral philosophy. I highly recommend those interested in these types of answers to read about objectivism",B43YEW2FvDs
UgwciusEezRVjKpRP1B4AaABAg,Why would socialists use Denmark as an exemplar?,B43YEW2FvDs
UgwNTE-T-MDzZizgxop4AaABAg,Less government involvement the better.,B43YEW2FvDs
Ugxdv6ZAXjntXn1H5k54AaABAg,"1:50 â€œexcept not at all. In practice, no country has ever been truly communist.â€ THANK YOU. FACTS.",B43YEW2FvDs
UgzxsWxdmocbiRp4nvJ4AaABAg,People complain about having to pay any taxes yet they also complain about potholes and the government not doing enough -_-,B43YEW2FvDs
Ugx5pRbb1BXttuK1C3Z4AaABAg,"Worst monopoly around: ICBC in British Columbia. If anyone from BC is reading this, you know what I'm talking about.",B43YEW2FvDs
UgzMd_sMiVwVk95k7uR4AaABAg,Am I the only one here find Adriene hot?,B43YEW2FvDs
Ugy2LxsKn_rKCleCqqZ4AaABAg,Denmark have stated they are not a socialist country.,B43YEW2FvDs
UgwZDVu-fg4ItmXwDTh4AaABAg,"When businesses produce goods and services that are demanded by individuals, this is described as the ___________________ of the market.",B43YEW2FvDs
Ugwt-qGAO5lVGRpoX5F4AaABAg,@mama fluff are there any countries that are your command economies?,B43YEW2FvDs
UgxI1ycdu2JbRAizS094AaABAg,Oh man that AC/DC belt,B43YEW2FvDs
UgzQTgqPTu5MVh2B_j14AaABAg,This course must be watched at 0.75x play back speedðŸ˜…,B43YEW2FvDs
UgzyJXykpglPBmypDiR4AaABAg,"I think the issue here is that we speak in terms of simply monetary cost. I think happiness, or quality of life, is a far better metric to measure when it comes to deciding what is best.",B43YEW2FvDs
UgwEPDqtxfrHDFJ2fep4AaABAg,I'm being forced into watching this by my teacher (Big Yikes),B43YEW2FvDs
UgwXztN9zHTwBZSjMSx4AaABAg,The green shirt was ugly...,B43YEW2FvDs
UgyYe6FNzKwiJiKS_AZ4AaABAg,seriouslyï¼Œ this  video speaks too fast!,B43YEW2FvDs
UgwlevRFG553JhSR7q14AaABAg,Jesus is this a who can talk fastest contest?,B43YEW2FvDs
UgyE3Akq-9SCu7ba1xB4AaABAg,Im dumb,B43YEW2FvDs
Ugw0AwnqORsurrZtyOV4AaABAg,It was _not_ a good shirt,B43YEW2FvDs
Ugzb1Fab1nhRozaTixN4AaABAg,Gaada subtitle indonesianya anjir,B43YEW2FvDs
Ugycdf7fAfSR7YUqwe54AaABAg,Denmark is actually a free market economy.,B43YEW2FvDs
Ugyl1U3J_Q3RpEl6VZZ4AaABAg,The best part of the video is his belt,B43YEW2FvDs
UgzRUGc6f3EOyKzUyk54AaABAg,6:32 errm..... Does printing fits here?,B43YEW2FvDs
UgzNrpcCdTYaIeluuKh4AaABAg,High priest Jesus is central authority,B43YEW2FvDs
Ugx9chUF_fV5XRh7_KJ4AaABAg,"Lovely, awesome series! You guys are amazing. Thanks for sharing!",B43YEW2FvDs
Ugwdr8o9Dx2vdsA6CjN4AaABAg,i really love this course and I'm sorry if this coment isn't very educacional but... i really love Jacob's belt of ACDC >///<,B43YEW2FvDs
UgzW6EjXz94hpiBLQ-t4AaABAg,"Wrong. Communism and Socialism aren't planned economies where the government decides what to produce.
If you're going by the definitions, yes communism is a classless society, but it does not have a government directing people what to do. Meanwhile Socialism does and it's supposed to be a transitory period between capitalism and communism. I hate the way you brought up the common everyday definitions of the terms, went ahead to explain the real meaning, and ended up not explaining it at all. As you said, Communism is not command economy... Then why did you define it as such?",B43YEW2FvDs
UgxBO57CLHSbOXpAGf54AaABAg,You speaking to fast,B43YEW2FvDs
UgzL3Sx4eDxocWaBDdl4AaABAg,By the way crash course is very informative they really bring good stuff really appreciate all your effort thanks a lot creah course....but my video became 20 mins.ðŸ˜…ðŸ˜…ðŸ˜…..i have to pause whenever jacob comes in action...sir please speak slow so that we can listen it and process it in our mind...that would be helpful ..any way it was still best....,B43YEW2FvDs
UgykmjeG0PXnp7j6iLV4AaABAg,"5:43 lol i died on this thought bubble, it's just a cycle lol",B43YEW2FvDs
UgzHrXzUCuxmj8EuYjZ4AaABAg,The guy speaks too fast,B43YEW2FvDs
UgwJ56aIp0oEXDok3wl4AaABAg,"When a company researches new emission technology, the government may force them to implement it across the board before it's cost-effective to the company. This disincentivizes clean technology and stagnates innovation.",B43YEW2FvDs
UgziXIb9T3w-j2dsmLh4AaABAg,They speak too fast,B43YEW2FvDs
UgyTFDz4kwOChO9OOH14AaABAg,i like the car,B43YEW2FvDs
UgwG6o2dbnKpGzgOVa54AaABAg,Please make subtitle in indonesiaa... this channel so help me to improve my self. Subtitle indonesia just available ini 1st-2nd episode. For the next episode nothing subt in indonesian. Im so sad.,B43YEW2FvDs
UgwRwabPha0lI6rTb594AaABAg,who else watching in 2019 and thinking that they're speaking a tad quick. :),B43YEW2FvDs
UgyERDPxb2Atf2JMKK94AaABAg,Hello Sir Ribot,B43YEW2FvDs
UgzuoFDBOZzxXEaIlPB4AaABAg,iPhone dialogue was good one,B43YEW2FvDs
UgyHH9iMd0dBmAt89B94AaABAg,*laughs in anarcho capitalist*,B43YEW2FvDs
UgwRawcIsKYEb0bPx4F4AaABAg,"The best economic system is the free market system. The only thing the government needs to handle is protecting property rights  protecting citizens from domestic and foreign military threats, and being a mediator between 2 parties. Other than that STAY OUT OF THE ECONOMY. it's not the government's business how much someone gets paid.",B43YEW2FvDs
UgyifX14rjDzlLRcq5R4AaABAg,Love the ACâš¡DC belt,B43YEW2FvDs
Ugy9SsBoat4_W0_G0m54AaABAg,My man has a AC/DC belt,B43YEW2FvDs
UgyBZ_EsUhcTEyyIZAR4AaABAg,who else noticed the ACDC belt XD,B43YEW2FvDs
UgwYDUVcE8R6il_7yE54AaABAg,Anybody else notice Jacob's ACDC belt at the beginning of the video,B43YEW2FvDs
Ugx7OIb4GuAefouqbR94AaABAg,"stop trying to be fun and cool, just be u and give us eduction",B43YEW2FvDs
UgwekaWS0RUxxLnZdpl4AaABAg,"My while life has been a lie,  you mean to tell me that Doc Brown didn't get back to the future ðŸ¤¯",B43YEW2FvDs
UgxWnsB6fs0ddAahGpt4AaABAg,If you understand this at normal speed we cannot be friends.,B43YEW2FvDs
UgzXXpp83-cMDylQuhp4AaABAg,"I am not clear on the differences of command economy and planned economy, could anybody please explain?",B43YEW2FvDs
UgxAcnOddKw-_XEV7a94AaABAg,Wtf was up with the shirt gag,B43YEW2FvDs
UgyhtFGCZbhdQe7yVRN4AaABAg,Woah this is educational... I feel dizzy...,B43YEW2FvDs
Ugwcz-5_6QHfZKz6jJF4AaABAg,truly enjoyable narration,B43YEW2FvDs
UgzeUorktNmZRFSAftR4AaABAg,That ACDC belt tho,B43YEW2FvDs
UgxC7gK0TM6Goj8zr_h4AaABAg,Can anyone help me understand the analogy of Adam Smith's words and the economic system,B43YEW2FvDs
UgxqWetDKQo_Ltpsg0d4AaABAg,"""There's always an opportunity cost.""
Sounds like someone's been watching full metal alchemist.",B43YEW2FvDs
UgxfXhw5F4-5IFym33B4AaABAg,I like eggs,B43YEW2FvDs
UgxAFEmYiv_I35XoUuF4AaABAg,So biased.,B43YEW2FvDs
UgyH3YOrSTtL5u7iJ1d4AaABAg,Jacob talks as fast as the Fed prints money.,B43YEW2FvDs
UgwT94DXPi5CCOCksHl4AaABAg,Can John green just do everything,B43YEW2FvDs
UgxX-S02XxP-QJA9QnJ4AaABAg,"Economics is a man made concept. Some concepts are best left on the drawing board.  It's a means of control so the power hungry remain in power. When you have something like this in place, you end up destroying the very thing that keeps you alive in the first place...THE PLANET!  All in order to keep the precious economy rolling. It's a self destructive system. Get rid of it.",B43YEW2FvDs
UgxfGHc1QHT3ZP6bhgB4AaABAg,2:44 MISTAKE ALERT - The invisible hand means that by following their self-interest â€“ consumers and firms can create an efficient allocation of resources for the whole of society. (they accidentally define positive externalities),B43YEW2FvDs
Ugzq3HxUAmiyDO_CwDN4AaABAg,"Awesome point about Cars.

Cough GM cough Cough Ford",B43YEW2FvDs
UgygqiWL8TRG-7hOqCp4AaABAg,Trying to make it through this series but that guys voice is so annoying it will be a struggle.  It's like finger nails on a chalkboard.  He talks way to quickly and slurs his words.,B43YEW2FvDs
UgyAj5Iip8DDZCKL7-N4AaABAg,Ya'll know you can click video options and set playback speed to half or three quarters speed if you can't understand what he's saying fast enough.,B43YEW2FvDs
UgyTqvWs_mweU4l1mh94AaABAg,"And why is advertisement never mentioned  as factor of demand. Much of what is bought was never though to be needed and much more is bought to replace something that doesn't need replacement. Maybe private capitalism is just good at creating consumable goods that are not needed, and state capitalism is good at creating the necessities. You don't say this of course, your question was, can a government t be flexible to demands and can it be efficient in production? The implication is no but the reality is yes. The USSR, China, Cuba, and very efficient in production each country having gone from rags to modernization very quickly and having very efficient systems in many respects. Not only do you straw man socialism, but you can't even make a good argument against it's straw man. This is bad propaganda matched only by the cliche acting here, that if not created by original and intentional thought, is certainly created by received opinion and unchecked bias.",B43YEW2FvDs
UgyHHjlcH58Z4-7K4AF4AaABAg,"wow and this video is biased. Government controls everything down to how many shoes are produced, implying they can control something we find to be a need but then classify laissez-faire capitalism as the government keeping their nose out of individual's business as if to say they are just trying to steal from individuals...which I would say is true but government owned enterprise is not socialism and also, what is ""stolen"" is often stolen from the bourgeoisie and not the working people. you cannot steal what has already been stolen by the bourgeoisie.",B43YEW2FvDs
Ugz-LyBA7c8_NtnhAtx4AaABAg,"you were starting off so well but then you say, communism hasn't existed and what has existed is socialism which is utterly false. What has existed is State-Capitalism. Lenin himself acknowledged what they had in Russia was State-Capitalism. Stalin pretended that was not the case and dubbed it socialism. socialism and communism were largely interchangeable as I understand it, until Lenin when the revolutionaries wanted to distance themselves from other socialists who would rather obtain power through elections instead of through violent revolution. This, along with Stalin's declaration of State-Capitalism as socialism is why you believe communism is public ownership and socialism is state ownership. if you want to make that declaration then we also have to talk about libertarian socialists (anarcho-socialists) who further distanced themselves by saying their socialism is stateless (which if you're paying attention is redundant unless you consider Stalin to be correct).",B43YEW2FvDs
UgxzLO5vJsitnsrG5mh4AaABAg,"Main outtake of this lesson for me:
1) Rolling Stones 
2) Mick Jagger
3) You Can't Always Get What You Want
4) I love Stones...",B43YEW2FvDs
Ugzgc5rVahix7aJGbTx4AaABAg,"Economists don't operate in the realm of feelings. This is a cop out. All humans have feelings, which are closely related to the values we hold. Anyone who claims to be ""rational"" versus ""irrational"" is putting a box around what is acceptable to feel or not.  ""If you get upset about this, you're being irrational"" has been commonly said throughout history (as well as ""this group of people are irrational""). My point is that rationality is never value-less, it's never neutral.",B43YEW2FvDs
UgycTHA2IAimxGxEGwV4AaABAg,0.75 playback is golden on this video.,B43YEW2FvDs
UgwOSbkjQN0gGU0dwtF4AaABAg,Extremely interesting. I will watch all episodes. Greetings from Brazil.,B43YEW2FvDs
UgyZgLTfuV0iaXsbX_l4AaABAg,"This is great!

On an unrelated note, including ""Crash Course"" in the video titles just clutters them.",B43YEW2FvDs
UgxzPfCl-i0ZPXowN7p4AaABAg,"I'm cool with the half market and half government way buuttt in our third world country the government is the most inefficient, inactive and is corrupted by politicians. As one of its countrymen i just wanna strip away some power from the senate and enact the same college voting system as US. You know the part where the random majority doesnt matter but is instead organized in ethnic provinces who are in favor of Mr./Mrs. Red or Mr./Mrs. Blue to be president or just to be part of the legislative body. This way provinces wont get ignored instead of only focusing development in the capital city. Development needs to be spread out. I also want to strip away the rights to vote of the population involved in tax evasion, squatters and anyone who breaks the law.
Our government is so weak that it cant even take initiative. People could stop paying taxes or,  build and reside on abandoned railway stations without paying a single tax in their life. This way we could truly achieved the so called intellectual democracy socrates once described.
I also want the government to be able the regulate media as it is a major part of our lives.... not completely but just a corporation between the two bodies. I wanna avoid the same biased informarion  liberals show on television. It must be law that in election day the media must be forced to rigorously study the backgrounds of each candidates, and if the one of the election candidates see's that some information about them are lacking or is half told, that may damaged the fairness of the election, he may report this error and failure to comply by the media will result in some sort of punishment. In this method the citizens can rationaly think observed the stature of the man and make an intellectual decision in voting. They could pay the media to shut up about their illegal past dealings but they can never pay them to shut up about the good they've done, if ever they did anything good at all though.

I'm from the Philippines by the way.

Edit: changed UN to US. Mistakenly putted UN rather than Us. I actually dont know much of UN political system",B43YEW2FvDs
UgzTmAX4oS0AXxlbvaR4AaABAg,Please do not do these silly things,B43YEW2FvDs
UgxvDJgygqDZsCCGxDx4AaABAg,Why is this dude always wearing an AC/DC belt.. big fan I guess,B43YEW2FvDs
UgzJNp7B6c4jyJmDfzV4AaABAg,"everyone, if you donâ€™t understand them, put on subtitles or lower the speed",B43YEW2FvDs
UgzJE_P-nZH5szlt-GJ4AaABAg,I hate this guy,B43YEW2FvDs
Ugw4L-N4jURgtJEt3Vt4AaABAg,I hate this guy,B43YEW2FvDs
Ugzeq8xGGV8KQuOlCUZ4AaABAg,I hate this guy,B43YEW2FvDs
UgwaolArLK5FbxbKUZZ4AaABAg,I appreciate a spicy title!,B43YEW2FvDs
UgwiToKwNlfvVoLTi3R4AaABAg,Is crash course invested in the lemon industry or something?,B43YEW2FvDs
Ugwm5FIUcjGoQcvaq2t4AaABAg,No solutions only trade offs,B43YEW2FvDs
UgzYvDY38PKZm8Dt31F4AaABAg,Free market shouldn't be free propaganda,B43YEW2FvDs
Ugyt9L4aVWVdK1-HsXR4AaABAg,What produce how produce who want,B43YEW2FvDs
UgyOBgqGYoMQwHn-sox4AaABAg,This is so white,B43YEW2FvDs
Ugz-ievKCpu9lUy84Vh4AaABAg,Invisible Hand- Adam Smith,B43YEW2FvDs
UgzrW7ZrdVKMjgkVUw54AaABAg,Who else preferred the first shirt?,B43YEW2FvDs
UgyRgNdQFjHUFuyWzPh4AaABAg,Im with new Zealand and china,B43YEW2FvDs
UgyZSbGlfCImxcXj9fZ4AaABAg,"If you change your video speed to 0.75, they sound a bit off, but their speed is a little easier to understand.",B43YEW2FvDs
UgwychhNo1nwESS5nYd4AaABAg,Sweet belt,B43YEW2FvDs
Ugwc08rB-1EJE5489f14AaABAg,"""...because microscopic organisms don't organize themselves into factions based on economic theory."" They do though. That describes us. That is life.",B43YEW2FvDs
Ugx04M_lT7mU-cb7dDV4AaABAg,Slow it downðŸ˜‚cant understand when u talk so  fastttt,B43YEW2FvDs
UgyHVnp-cF4bEadhBi94AaABAg,"""No one cares about buying your new Iphone.."" 
Right at Apple lol",B43YEW2FvDs
UgxXzxZaiyaQmR4AjlB4AaABAg,The opening made me laugh so hard. I literally just watched a season of Hetalia.,B43YEW2FvDs
UgwGuhfXidPCre5GwwR4AaABAg,Mixed economy?,B43YEW2FvDs
Ugyzh56l5q25g1UdrTh4AaABAg,Good video but someone needs to tell the guy to speak slower and more clearly.,B43YEW2FvDs
Ugzj8qfINv3AmFwEd9N4AaABAg,I like her. <3,B43YEW2FvDs
UgxRtzW7yRM0wCUtDQF4AaABAg,Dolorian went out of business not because the car wasnâ€™t cool but because the owner was a drug dealer,B43YEW2FvDs
Ugz07RbEY2ic3DlRll14AaABAg,Mark Cuban raps like Eminem  1:29,B43YEW2FvDs
Ugwl5eXdcHigAyFur4F4AaABAg,I like your shirt,B43YEW2FvDs
UgyA7SFMf815H6Y8Ezt4AaABAg,DAS KAPITAL,B43YEW2FvDs
UgzwOLVUDHrWQnm6CkR4AaABAg,"Isnt it land, labour, captial and enterprise?",B43YEW2FvDs
UgyA0AOfVmp2w7mxx8V4AaABAg,"Jacob, bruh, you speak fast",B43YEW2FvDs
Ugwnmk7lyKNjTZEe9d14AaABAg,"Sorry,but they talk too fast !",B43YEW2FvDs
UgyuqS3YKJd7JTwsH4h4AaABAg,"My Economics teacher put this video up for the class to watch and take notes, and I  tried to take notes but Jacob talks wayyyyyyyyyy too fast. My hands were cramping when I was done taking notes.",B43YEW2FvDs
UgyrTh_HHGmYExfs95V4AaABAg,"I think the the videos are referred from the economics book
.",B43YEW2FvDs
UgxihgQbeAYatj-fHNF4AaABAg,Can you guys do a crash course on business?,B43YEW2FvDs
UgyL7mZBe8hIKRj8lTp4AaABAg,"Completely biased video. Not only does it assume the necessity of government in solving social problems without explaining why, it also equates the US with free markets. Although the video provided some valuable information , it was filled with government propaganda.",B43YEW2FvDs
Ugw_kjbWO-o6IBJFBjB4AaABAg,Nice ACDC belt,B43YEW2FvDs
Ugw0louP1TQgLeChGNl4AaABAg,"*GOSH I LOVE THIS, I LOVE ECONOMICS!!!!!!!!!!!!!!!!!!*",B43YEW2FvDs
UgypN3D_jAOVMP4vTlZ4AaABAg,Done,B43YEW2FvDs
UgwmVEPEvrAwnpgawPd4AaABAg,i love it ... wink wink wink wink wink... sounds like little piggie,B43YEW2FvDs
UgzPPM4aZuNVw4o6RlF4AaABAg,Socialism is Communism by another name,B43YEW2FvDs
Ugzs5EE8I1SYXM3AkGV4AaABAg,"That's nonsense ..

1. It is not the government that plans, but the planning body. The state is the executive committee and the apparatus of violence. The planning body has legislative powers. The state is coercion to carry out the will of this body.

2. The decision to distribute is taken not by citizens, but by this body.",B43YEW2FvDs
Ugx42mDkr6SFeyBN2Bx4AaABAg,Love the green shirt!,B43YEW2FvDs
UgwatkXLrjAAa2y0OeB4AaABAg,love Mr Clifford's ACDC belts,B43YEW2FvDs
UgzYvFnBj9pAKWCnX-94AaABAg,China has become a socialist country for decades..,B43YEW2FvDs
Ugwi65EU8D2hWLpE0kx4AaABAg,"talking way too fast. And all the ""fun and cool"" stuff is cringy and a time waster, I rather you talk slower",B43YEW2FvDs
Ugz3XO4h-QdABQ8WnXZ4AaABAg,set the speed to .75 if you want to actually understand what he's saying. You're welcome.,B43YEW2FvDs
UgyojcIjVY8IFlUSEQp4AaABAg,i actually prefer the green shirt lol it matches perfectly with the hair,B43YEW2FvDs
UgzmiFizgVXNSWsFItl4AaABAg,THANK YOU!!!!,B43YEW2FvDs
Ugyo09mhw0i88aj0txF4AaABAg,the power of reflective sound of underground spirits is quite impressive.,B43YEW2FvDs
UgykIDmCxZWwyxYdC8l4AaABAg,could this help my Alevels is Economics??,B43YEW2FvDs
Ugw7zcSfHTJ09r0QaC54AaABAg,Speak lower pleaseeeeeeeeeee,B43YEW2FvDs
UgzX73x2dJoyTvrqBZR4AaABAg,Deng Jiaoping was a tyrant and shouldn't be glorified.,B43YEW2FvDs
Ugy3e8wZs9I2fr3TT-x4AaABAg,DENMARK IS NOT SOCIALIST,B43YEW2FvDs
Ugw5BpfS8YlrzSl4fVJ4AaABAg,socialism is not regulated capitalism dammit,B43YEW2FvDs
UgxIADFjRgW8GS888sR4AaABAg,you guys talk way too fast for most middle school students to keep up with.,B43YEW2FvDs
UgxDWIto7FMv6ZZw5Id4AaABAg,These people are annoying,B43YEW2FvDs
UgymPWDdajkVKbOhHSp4AaABAg,like,B43YEW2FvDs
Ugw4AyNKJ55NipUKYFV4AaABAg,U talk to fast,B43YEW2FvDs
UgyXbuBSqkZ9Lnf8tjN4AaABAg,they def smashed after,B43YEW2FvDs
Ugwr9ho16gBnI4NO9z54AaABAg,"No , The Shirt Was Not Better .",B43YEW2FvDs
UgxohsLNvYKU7hB5FGR4AaABAg,"1:54 You are so right. When will people understand that Communism isn't ""tried"" rather achieved?",B43YEW2FvDs
Ugxyx0rXYwrKpEcMR5d4AaABAg,"The Ministry of Revolution has confirmed that CrashCourse is bourgeois, neoliberal revisionism. This video has revealed their counterrevolutionary, Trotskyite tendencies.",B43YEW2FvDs
Ugx6xWuXcmf1dM4rap94AaABAg,when Jakob starts to talk i lower the playing speed,B43YEW2FvDs
Ugxw9qF0Gbm6bjnxDXV4AaABAg,From New Zealand here ðŸ˜ðŸ˜ðŸ˜,B43YEW2FvDs
UgzuOc4SJ_sk2WIY3B54AaABAg,"thank you adriene and mr. clifford, i'm from science major(we don't really study econ) but now i get it! :)",B43YEW2FvDs
UgxaIAVBxAnahw6FZZt4AaABAg,Economics teacher showed us this,B43YEW2FvDs
Ugw58TeLRYuZ-SPL2Fh4AaABAg,"What does the police force have anything to do with economics? That is a function of a government, not something that we relegated for them to do for us with tax money.",B43YEW2FvDs
UgyHEuUa27POE5rPx3x4AaABAg,"Communism is basically a higher stage of socialism! Also, socialism is not when the government provides things like healthcare and education, your thinking of a welfare state in a social democracy!",B43YEW2FvDs
Ugyexv0djt6Ar8IUCa54AaABAg,"What to produce ,How  to produce it and who gets it = Economic System. Planned Economy . Command/ Free Market/Capitalist Economy. Invisible Hand. Modern Economies have a bit of Government in them , there's Never been a completely pure to it's ideas economy . There is a circular flow from The Product Market and The Resource Market interacting.",B43YEW2FvDs
UgyznzNOrtSiOcXAq2J4AaABAg,Can John Green not do this,B43YEW2FvDs
Ugx_OxVgGqjxyNLXlYh4AaABAg,"i love her "" that's up to you and your elected officails... and a bunch of lobbyists"" thruth",B43YEW2FvDs
UgykKId7XcWGmKCrT4l4AaABAg,Lol,B43YEW2FvDs
UgwGsWwLOOjaNO3uMIl4AaABAg,this sucks,B43YEW2FvDs
UgxWz5b09uDsCDNKe-V4AaABAg,"I'm in an intro Econ class in college right now, it's one of the 2 classes I need to graduate. I never had economics in high school, & I'm having such a hard time understanding it. I really appreciate these videos, i hope they help me, because my final is next week ;_; wish me luck.",B43YEW2FvDs
Ugyv9QSdSTMGLEHD2PN4AaABAg,these videos are atrocious I would rather learn from a book. I keep trying to watch this but no. Hard Pass,B43YEW2FvDs
Ugy4PBEbNMYE0bmgCkZ4AaABAg,AC/DC belt,B43YEW2FvDs
UgywTq2XUajW6KLr1kR4AaABAg,"Thanks for the video! But I'm worried that you skipped very interesting and perhaps relevant options that are not either central planning or typical free market capitalism. For example, participatory economics as a form of decentralized planning, and market socialism as in Yugoslavia's market system based on workers' coops or John Roemer's proposals for distributing big industry throughout the whole of population in the form of untransferable stocks. I think at least a mention of these other alternatives (and perhaps others) should be considered important if you want to show a more complete picture. Again, thanks for the video!",B43YEW2FvDs
Ugzp2T-9CYJdsAwj4QN4AaABAg,well said guys but can you please talk slowly otherwise the video was good and i subscribed and liked it too,B43YEW2FvDs
UgyiqifObzdQyzs0y314AaABAg,Cringe,B43YEW2FvDs
Ugxr16VTGp8AvNauuSF4AaABAg,New Zealand has way more government economic and financial regulation than the USA. That part doesn't make sense.,B43YEW2FvDs
UgyjIjC-m2NsB537kDB4AaABAg,"I love Adriane's ""wink wink"" â™¡â™¡â™¡",B43YEW2FvDs
UgwJELrqyydpKRnGzrl4AaABAg,That AC/DC belt!!,B43YEW2FvDs
UgznpjkfWNLD3bXd_FJ4AaABAg,Why â€˜wonâ€™tâ€™ the free market provide education?,B43YEW2FvDs
UgxWWgM1q_B2bUMAIf14AaABAg,goosebumpps,B43YEW2FvDs
UgzFRbgHIPbLwYuSOGJ4AaABAg,You guys talk tooooooooo fastttttttttttt i didnt understand anything,B43YEW2FvDs
UgwzAYzam5HCjJS8FFt4AaABAg,"Keynes understood the flux in humans and therefore as you stated dogma has no place, its more like evolution theory..rather than creationism.....  Great concise video, thanks!!!! Also worth noting each of the three, Smith, Marx and Keynes were products of their time and observed the relevant consequences and injustices of that moment in time. Which begs the question of what would Vulcan and Star Fleet economics be???? Command and mixed?",B43YEW2FvDs
Ugx20goo1YSaefy717p4AaABAg,"It's funny they said private companies cannot build roads, only the state can. But in fact, if you live almost anywhere else other than a communist country, roads are build by privately held companies contracted by the government. So the government actually can't build roads, it just takes money from the population and gives it to the companies that build the roads.",B43YEW2FvDs
UgwXsw284SVfKdjemPl4AaABAg,Make a video on stock market,B43YEW2FvDs
Ugxb1kQatoRqfCJbVOl4AaABAg,The womanâ€™s hair is the same colour as her shirt...,B43YEW2FvDs
UgyZbxlDgCiBichGKVl4AaABAg,Never mentioned central banks,B43YEW2FvDs
UgyyKipZgLct0guCrm14AaABAg,"""And no one really cares about buying the new iPhone if there's a bomb dropping on your head.""




Bet.",B43YEW2FvDs
UgxBHqdcu8WYoUEMpUp4AaABAg,"We need government to: nothing. Free market produce goods better than government, why not the market will product other things like education? Plz, read Hoppe, Rothbard.",B43YEW2FvDs
UgydhE3ZdS75kd5Xdgp4AaABAg,Search Milton Friedman on YouTube - you're welcome,B43YEW2FvDs
Ugy54qYQBzz3BZlz9Dl4AaABAg,Huh,B43YEW2FvDs
Ugzwc8_99AIVWWDVFYp4AaABAg,i laughed during this in class and my teacher was so pissed off,B43YEW2FvDs
UgzyZEkKLUvEoD_eLdt4AaABAg,"Communist shirt or American shirt, that's all I saw this episode",B43YEW2FvDs
Ugzy1gOqaUorOGqE3dJ4AaABAg,I a disagree with their black and white distinction between capitalism and socialism. Both economic system cannot just be simple be defined as government regulated and low governmental regulated. There is more to capitalism and marxism economic that this crash course program fail to explain.,B43YEW2FvDs
Ugz25du3fpAS6DXE6eh4AaABAg,Got an A on my test because of this video,B43YEW2FvDs
UgyTCTOxWytEqOBOojF4AaABAg,I liked the first shirt better.,B43YEW2FvDs
Ugyp7YLPVnhgCnSa7w54AaABAg,The intro was cringy and Clifford speaks Like a bullet train HOLD YER HORSES MAN,B43YEW2FvDs
UgysBgRiEZ8i1YcqoOR4AaABAg,So New Zealand is basically the best place to do business then ? Why arenâ€™t they that rich ? Why does everyone who advocate for free market not running over there to do business and trade it back to their countries ? Thank you for your reply.,B43YEW2FvDs
UgxWto7CYzUsEvTudSh4AaABAg,"the guy always wears a weird acdc belt what even, also, speaking way too fast",B43YEW2FvDs
UgwEhPyO5ZtX-VsaoVp4AaABAg,These people are actually cringy,B43YEW2FvDs
UgyRjINoHFsT1HthHy94AaABAg,i dig the ac/dc belt buckle,B43YEW2FvDs
UgyDMKF7SqbbXlwpfx14AaABAg,I dont care about anything but So happy New Zealand is in there!!1,B43YEW2FvDs
UgwLS0AUn8-HPqfsjNN4AaABAg,Mrs Johnston,B43YEW2FvDs
UgzAnnFyOF_VjAunwYd4AaABAg,thanks a lot 100% helpful. although crash course Agriculture is not a bad idea,B43YEW2FvDs
UgyqkU7SyGE8RxBt0f54AaABAg,It's extremely difficult to follow with that rapid pace.,B43YEW2FvDs
UgyF5XOqpaz-EBMwlrV4AaABAg,'Easy access to healthcare' lmao no just no,B43YEW2FvDs
UgyoMt8aBqoEDfYquwd4AaABAg,AC/DC,B43YEW2FvDs
UgwIoZT8dkh1LwC6JKZ4AaABAg,who are these idiots and where is John Greene,B43YEW2FvDs
Ugzejtey3Xbn8emfMK94AaABAg,Wasnâ€™t the world communist before money?,B43YEW2FvDs
UgyG76CYQcHU3BPOSGp4AaABAg,I dont know why but you guys remind me of Lily and Marshall.......lol,B43YEW2FvDs
UgzuELKpHguDRXZJ_FB4AaABAg,the guy talks way to fast,B43YEW2FvDs
Ugxi8XpinlCKGzxjqnt4AaABAg,"Free market and globalization, tools for social justice and ending poverty.",B43YEW2FvDs
UgzMSUs6PAlQyFAwRc94AaABAg,Adriene's body language is very distracting,B43YEW2FvDs
Ugwgjs4phxYTTfcBg4d4AaABAg,Both of you talk too fast! It's really hard to follow sometimes like this...,B43YEW2FvDs
UgwTn7P7VPzEy9-cECp4AaABAg,"awesome!!
who even disliked it???
whoever did is a threat to society.",B43YEW2FvDs
UgyOxa6t97kQ3b22DR94AaABAg,MR CLIFFORD!!! I LOVE HIM!!,B43YEW2FvDs
Ugzq3JB-R_L-LTi76-t4AaABAg,Great educational video. Even greater if the guy could talk a bit slower.. Just don't understand why he needs to talk so fast.,B43YEW2FvDs
Ugx6QhuAHZk-ayDOhbR4AaABAg,Biased video you lied,B43YEW2FvDs
UgwGT396d3GF2scgl4R4AaABAg,Crash course civics > Crash course economics,B43YEW2FvDs
UgycafZY4v_XIhV9GtB4AaABAg,"Couldn't elections be seen as a market too?

Politicians advertise for your currency (your one democratic vote) and every four years you get to decide to buy from the same party (franchise?) again. 

A feedback loop with a four year delay that explains the unstable oscillations (political pendulum).

Your election (purchase) helps decide how much government taxes you and on what they'll spend it.",B43YEW2FvDs
Ugy1mL7ixXskn4FFaE14AaABAg,No true Scotsman fallacy.  Communism has been tried and has failed.,B43YEW2FvDs
UgwNNC0dI5P4vxS01UV4AaABAg,The guy really needs to slow down!!! how can u learn something when u cant catch a word hes saying!,B43YEW2FvDs
UgxAllo6OrFI_7A2KPl4AaABAg,The lady is unattractive and annoying,B43YEW2FvDs
UgxnnUydTdHW4YSaBHV4AaABAg,"Denmark and other Scandinavian countries are not socialist countries. They are social democracies. Their market is not strictly controlled. It is not a 'planned economy'. They just have higher taxes to provide universal services. In short, they are capitalist economies with certain elements of welfare.",B43YEW2FvDs
Ugziy5SLxSQU77y8ZSF4AaABAg,"I love this video, but OMG!!!! You guys talk WAYYYYYYY to fast!!!! It is such a shame because it kept most of my class from watching this and no one has time to watch this twice lets be real.",B43YEW2FvDs
UgwKezVy-fggruaLIBZ4AaABAg,HAHAHA The AC/DC belt is on point. Cool taste of music,B43YEW2FvDs
Ugxieq4zr9DuLQCTuo94AaABAg,The AC/DC belt is pretty distracting. xP,B43YEW2FvDs
Ugz4LxZWCupYdbFBXol4AaABAg,"Let's vote, which type of economic system do you support, planned economy or market economy ?",B43YEW2FvDs
Ugzz9xmcC1HGAEfKUth4AaABAg,hi 9f,B43YEW2FvDs
UgwfuftaHATS1A05d9x4AaABAg,SLOW DOWN!!!!!,B43YEW2FvDs
Ugxsmc1o8lFFlDxF0zh4AaABAg,Then India must be a genius to adopt mixed  economy as early in 1947 itself,B43YEW2FvDs
Ugy225EYsuWj-lDp4wV4AaABAg,"we can privatize literal rocket science, but apparently the free market will be baffled by the concept of creating a durable flat surface connecting points together.",B43YEW2FvDs
UgxmGs-_68cd9HxI6sV4AaABAg,oh they talk so fast,B43YEW2FvDs
Ugz4MEFvYh6YJfPkdnZ4AaABAg,"I found this video through my microeconomics course (which, though I just started it, am enjoying immensely!). Anyway, in reference to the trade-off with government regulations between lower pollution and car prices, here is an idea:
Increase the availability of public transportation. This will reduce the *need* for cars, which will help households save on insurance and maintenance, which allows resources to go towards other wants. Plus, mass transit has a lower carbon footprint. Furthermore, the costs of pollution can potentially be quite disastrous.

Thus, I think regulations are worth it.",B43YEW2FvDs
Ugz1cPCZU7wzDQPCDtd4AaABAg,Thanks for making these you guys. Really appreciate it!,B43YEW2FvDs
Ugy02x0yWmDYiZR7sA54AaABAg,I would agree on most but you shouldn't have said roads and bridges need to be public services. You could have mentioned people who believe in total free markets which can fairly be claimed to be less radical than socialism.,B43YEW2FvDs
Ugy56JeYGLcTmp9W5eR4AaABAg,"Helping the poverty is the job of the Charity organisations, which got lots of tax rebate from government. The government can make laws to ensure the Charity help the poor.",B43YEW2FvDs
UgzXQimPHQEFxCpGLyh4AaABAg,and yet we ignore all of chinas human rights abuses and the goverment owning all the companies regardless of who is running them,B43YEW2FvDs
Ugy_xvwjSthcHFjqGux4AaABAg,"Wait, why won't resources be wasted when producing something that doesn't have consumer demand? Isn't it a waste if no one wants to use it?",B43YEW2FvDs
UgyUnT_oZP9pYzqEI094AaABAg,"So she's saying emissions, and labour ethics behind brand names doesn't impact individuals' car purchases? I think most people nowadays would strongly disagree.",B43YEW2FvDs
UgwXM0QRKXdndA4dVuZ4AaABAg,The guy speaks too fast.,B43YEW2FvDs
Ugz5270JWjAtWEbIEyJ4AaABAg,Its it wise to assume that a person's participation in the market economy ends when they don't _have_ a household?,B43YEW2FvDs
Ugydnl_frQ-6Dzl414B4AaABAg,you are the most annoying people ever,B43YEW2FvDs
UgxM-WCLYEsF8kzRSMl4AaABAg,rip for the Chinese sub,B43YEW2FvDs
Ugw_udHbO_ZoYPu4zAZ4AaABAg,"Am I the only one amused by how she said ""Deng Xiaoping""? No? Ok. Tbf I can't get some Western names right either.",B43YEW2FvDs
Ugw4k0Mb4RwuHZEEoHJ4AaABAg,"i'm not an economic student, just wonder how the govt controls production in command economy system? is it through law, incentive or what?",B43YEW2FvDs
UgzfbJYOfkAltkn8DNF4AaABAg,my guy has an ac/dc belt,B43YEW2FvDs
UgwnS7mIZsE-WeJnYNp4AaABAg,Do these videos seem like educational SNL sketches starring a knockoff Vanessa Bayer and a bootleg Mark Cuban to anyone else?,B43YEW2FvDs
UgzTd9bXHXdEZfM54lR4AaABAg,"at 1.45 is he saying 'the facts of production', 'factors of production' or 'factories' of production.",B43YEW2FvDs
Ugy1Yc_0z8V_QuOi4ap4AaABAg,wait that was actually a surprisingly accurate description of communism hmm,B43YEW2FvDs
UgzAfIyqQpdt4Jkr5Tx4AaABAg,é»‘çŒ«ç™½çŒ«ðŸ˜‚,B43YEW2FvDs
UgzCwjEiPXH79KlM4Jp4AaABAg,Mark Cuban is teaching me economics!,B43YEW2FvDs
Ugxt2InW1pmXYXudsa94AaABAg,if classes were only the span of 5 min. i would have a phd,B43YEW2FvDs
Ugxa1oDGPDr5Qc3OZtp4AaABAg,I like Adriene,B43YEW2FvDs
Ugzs43fAsdIYirlBpbZ4AaABAg,"The first three questions in the intro look very much alike to the business canvas, what's the difference then between business and economics scheme ?",B43YEW2FvDs
UgzOUeN_0USdiaOwIwt4AaABAg,"pause at
 2:16",B43YEW2FvDs
UgzzwunYKb3a0qtTVUd4AaABAg,DAS CAPATAL,B43YEW2FvDs
Ugw2OlZXPXVwVSbsIXJ4AaABAg,I had to put the guy on 0.75 speed because he talks so damn quickly,B43YEW2FvDs
UgwFrJt-QOqz4mXjtlJ4AaABAg,"Is it just me, or are the speech and video thing out of sync",B43YEW2FvDs
UgzuBn0WPEg-rbhmRQx4AaABAg,"good information , but moving too fast",B43YEW2FvDs
Ugzz7hcuVUXROWC7nZd4AaABAg,You guys must slow down u speak toooo fast,B43YEW2FvDs
UgwMCqhIe-P_Ngd5dSF4AaABAg,great vid.. i'm wondering what is the characteristics of economy,B43YEW2FvDs
UgwQrGWAOAr0HDdDKjd4AaABAg,"I'm only 14 and love watching (and taking notes on Crash Course), so much so that I'm now doing so for homeschooling). I consider this to be a better use of my intellectual potential.",B43YEW2FvDs
Ugz5_4-lYoeexe8g0jd4AaABAg,you guys speak TOO fast .. i had to check if am on fast forward or sth,B43YEW2FvDs
UgxZGKHLlMyuc_j4vtN4AaABAg,"I like your videos, but you speak so fast. Make video 15 minutes (long enough)and speak at a normal speed, please.",B43YEW2FvDs
UgzOx-uAtb2zc5UYt_h4AaABAg,And who says the free market can't maintain law and order and build roads.,B43YEW2FvDs
UgwhDRItV4ACajbVyIR4AaABAg,That woman is trying so hard. Just be yourself. Its not funny,B43YEW2FvDs
UgzIySDoh9MVC1ONDMJ4AaABAg,Speaking waaaaaay too fast,B43YEW2FvDs
UgxmsKtY544b3KwtaZ54AaABAg,cringe-course like my class-mate says,B43YEW2FvDs
UgymDvijSXNp7MX-MkB4AaABAg,They are good but are try hard cringes,B43YEW2FvDs
Ugy-wHJLWOYlzf0kW794AaABAg,"Lies about communism. The totalu equal society - is idea from a bible and contradicts scientific philosophy and communism. Communism states only that the common usage of wealth is better then a private. There are classes in Communist society. The way, the common resources are distributed is up to different types of governamant. There are at list 10 ways of governmant about common resources. USSR, CPR - are just few, not good, ways to that.",B43YEW2FvDs
Ugzc3JdoHkXvVhVvrfB4AaABAg,please recommend book for this course...coz i cant take notes..,B43YEW2FvDs
Ugza4QSRMGqaD0Fxiud4AaABAg,acdc belt buckle i see you,B43YEW2FvDs
Ugzd1CHqwnJfTEac0TV4AaABAg,"""Socialism is great until you run out of other peoples' money""   -M. Thatcher",B43YEW2FvDs
Ugzk8hyMQsQGa1-yD914AaABAg,Ahhh those were the days bumping ac/dc and not giving a fawk!!,B43YEW2FvDs
UgwiGQS-JzTvsd7jM494AaABAg,and to think New Zealanders want to become a nanny state again...Disgusting,B43YEW2FvDs
UgzQ1h6JQ6mRIGXgkP94AaABAg,"""all those communist countries weren't actually communist because they weren't my specific type of communism""
well played",B43YEW2FvDs
UgzLuhLYUChRz1S6WfJ4AaABAg,BULL MARKET!!! I saw that from the first video but wasn't sure if that really was a bull statue or not lol,B43YEW2FvDs
UgwSnLGTkwV5a4Pj2UR4AaABAg,who else thinks Adriene is cute,B43YEW2FvDs
UgyqkL0rOckUxrfYe294AaABAg,"""Blah Blah Blah"" is what I hear",B43YEW2FvDs
UgyjWUkYbzHh0zHKxpJ4AaABAg,YEHHH NEW ZEALANDDDDD hahahaahaa,B43YEW2FvDs
UgzTuEwk7ZJbETZZgFF4AaABAg,He talks way too fast!,B43YEW2FvDs
UgytXSW-JPuQ_H36URp4AaABAg,"Good job, guys. I already dread my Econ 101 class but with likes of you, there might be some hope we can make this a good semester.",B43YEW2FvDs
UgyHPlbQ0YQmgz2yNQF4AaABAg,that shirt is not better,B43YEW2FvDs
Ugy4F65DKYVDGydhzZR4AaABAg,The animation at 6:37 is missing the bigger arrows going TO the government and they should be bigger than the arrows coming from the government because the government takes more than it gives.,B43YEW2FvDs
Ugzi4NUurCtCE7VCo8B4AaABAg,"Hello, in 7:10 of video , there is an error. China doesn't have a socialist market economy it is a free market economy because it has lessened gov restrictions.",B43YEW2FvDs
UgzYzaDk0rp019OLrC14AaABAg,"Lucy in the Skyyyy with Diiiiiaammonds.





Sorry, I just really like that song ðŸ˜‚",B43YEW2FvDs
Ugwz1sdoCyR3xiLddJJ4AaABAg,"Communism: Abolition of private party

Socialism: some private property and some public property. The goal is to meet some collective objectives like free education

Denmark has free healthcare. Education is not only free but receives money from government every month.

Oppurtunity Cost.",B43YEW2FvDs
Ugyi-oNsln8hU51EDEF4AaABAg,You're completely wrong about socialism. There are socialist systems which are basically just free markets of co-operatives and competitive communities rather than classlessness,B43YEW2FvDs
Ugw25V_ySbR-OPdZmF94AaABAg,"So cringeyy , wink wink? seriously?  do you think your viewers are 5 year olds? XD",B43YEW2FvDs
UgyOtDbOM-7TZKqcluF4AaABAg,Adriene's shtick is making this hard to watch.,B43YEW2FvDs
Ugwmwylxb6FkAsxewjd4AaABAg,Is she a nurse or an economist?,B43YEW2FvDs
UgzQa-PXhhrU9gbAsZl4AaABAg,Nice Belt!,B43YEW2FvDs
UgxoD2_o7YT9Dr_FNl14AaABAg,How old is everyone that studies this topic? Me and my classmates are all at Grade 9 studying this stress in The Philippines. We get Accountancy in !0th grade,B43YEW2FvDs
UgxVqerXT5CSFpI5KVJ4AaABAg,"Denmark!!

 :P",B43YEW2FvDs
UghW51B1l7fVTXgCoAEC,Did you accidentally film Adriene with a different coloured shirt and had to justify it for continuity reasons?,B43YEW2FvDs
UghGvinS7kYveHgCoAEC,"so what came first, the money in the product market, or the money in the resource market?",B43YEW2FvDs
UggQVAs2m6sb3HgCoAEC,I'm used to watch videos on youtube at 1.5x-2x the speed but in this serie it's impossible with all these new terms.,B43YEW2FvDs
UgiG0byHFzLq-XgCoAEC,I was looking at her shirt at the intro and I wasn't sure why I didnt like it lol,B43YEW2FvDs
Ugg69WWNiH2aZ3gCoAEC,"In the World History Money & Debt video, John Greene directly criticizes the very lessons that we are learning. ALL economies are and have always been mixed economies. There has never been a command or planned economy though technology may one day permit it. The idea of command economies come from the idea of what Americans thought the USSR was in the 80's. We know better now but I guess lets keep teaching false narratives?",B43YEW2FvDs
UgjpdwUcY2uj_ngCoAEC,ìž˜ë´¤ìŠµë‹ˆë‹¤. ê·¼ë° ë§ ã…ˆã„´ ë¹ ë¥´ì‹œë„¤ìš”^^,B43YEW2FvDs
UggSipdjluOgaXgCoAEC,Food is a want?I'm not even going to watch the rest of this video.,B43YEW2FvDs
UggehbW034rrqngCoAEC,watch Irwin shifts an island ecconmy,B43YEW2FvDs
Ugib5KK88nv14ngCoAEC,"Ouch with the audio and the occasional loud speaking and the clavin and such. 
-Professor Frink",B43YEW2FvDs
UgiOjB07oZ5BdHgCoAEC,Communsim has never been tried XD. That's the no true Scotsman Fallacy. I swear Communsim is only Communsim when it doesn't totally fail.,B43YEW2FvDs
Ugh43G7nS_WU7ngCoAEC,Had to stop watching. The sesame street level of cringe presenting is just too much for me.,B43YEW2FvDs
UgjAlfKTbjM8l3gCoAEC,Thanks a lot,B43YEW2FvDs
UgiWdfl06SWMzHgCoAEC,"oops, did i just hear political agenda",B43YEW2FvDs
Ugh958FtnWZwDngCoAEC,"I dont get how its classed as the invisable hand, the definition doesnt match the story?",B43YEW2FvDs
UggA9GCGofZrjHgCoAEC,thomas sowell is awesome,B43YEW2FvDs
UgiWGK8d6T6zUXgCoAEC,I loved this video I actually understood more.............,B43YEW2FvDs
UgiAPVZcWUO9BHgCoAEC,"Super cool video, Thanks for the effort. Wink wink",B43YEW2FvDs
Ugj9Swa62p7EtngCoAEC,Slooow down a minute.,B43YEW2FvDs
UgikjhisqxKpkHgCoAEC,What's up with the AC/DC belt ?!,B43YEW2FvDs
UgjLIDUEiNxDdXgCoAEC,"Great, unbiased explanation of planned economy vs free trade. At the end of the day, it is up to individual to make an informed decision. Thanks guys!",B43YEW2FvDs
Ugj7SVI16gIxrngCoAEC,"Some notes if anyone needs em!

Economics systems are made when we figure out 
What to produce 
How to produce it 
Who gets it 
-2 current day economic systems are market economies and planned economies (which comes down to who owns and controls the factors of production) â†’ Karl Marx classified these as Land, labour, and capital 
-Planned economies have government controlling the factors of production 
-Karl Marx summarized Communism as the abolition of private property â†’ no country has ever been communist
-Socialist countries have a mix between private and sub-public ownership 
-Command economy = everything controlled by the government (including output) , which is opposite to a free market economy (or capitalism) where individuals own the factors of production, and government stays out of production, commerce, and trade â†’ meaning businesses make things with the sole purpose of profit 
-Invisible hand of the market = the unintended social benefits resulting from individual actions â†’ why companies that make shitty things go bankrupt 
-Government steps in in free markets to regulate production (to ensure proper standards of employment etc) and to maintain rules of law and provide public service like bridges and schools (things that wonâ€™t turn a profit) 
-Modern economies are a spectrum of planned and free economies with varying levels of government intervention (North Korea â†most countriesâ†’ New Zealand) 
-Circular flow model:
-Businesses sell goods through the product market to households 
-Households pay for goods by selling resources (labour) to business through the resource market 
-Government then steps in and helps regulate things by using taxes, and borrowing money
â†’ gets more complex with international relations, trade, and finance sector
-Your moral compass dictates what you believe is the appropriate level of government intervention, like providing a safety net for those with low incomes, or straying away from those who are in poor situations due to personal choices like drugs or gambling",B43YEW2FvDs
Ugg18UPoiFK_cHgCoAEC,"dont mention the massive amounts of human rights violations privacy issues and major wealth inequality in china tho.and if marxism is right- socialism is inevitable. Also yall gotta mention their were plenty of more factors in cubas, NK, and USSRs economy. Things like de leonism have never been put into practice and are technically command economys.  Wait for the rise of the bottom left",B43YEW2FvDs
UgjCxp5KBImKsXgCoAEC,Ð³Ð´Ðµ Ñ€ÑƒÑÑÐºÐ¸Ðµ ÑÑƒÐ±Ñ‚Ð¸Ñ‚Ñ€Ñ‹?,B43YEW2FvDs
UgiW-ku7aFg3bXgCoAEC,Eh... I kinda liked your first shirt better.,B43YEW2FvDs
Uggfzlu1hHz9s3gCoAEC,What happens when producers start replacing labor with machines?   What are possible impact of automation on the economy?  Should usage of machine/automation can be taxed extra on businesses to maintain equilibrium?,B43YEW2FvDs
Ugj_ByjQkI0WungCoAEC,gotta love that Illuminati elephant,B43YEW2FvDs
Ughz7_1P0x5gm3gCoAEC,"The Circular Flow Model [5:38] also explains what's going wrong in the American economy:

By raising prices while keeping wages stagnant, wealth accumulates in the hands of businesses while simultaneously creating a precarious environment for households, increasing competition in the resource market.  Especially once businesses are able to sell each-other automated systems and further reduce their need for labour.

Eventually, a small subset of business owners accumulate the vast majority of available wealth and use it to influence the government to _further_ tilt market conditions in their favour.  This exponentially increases inequality until not enough wealth remains in the system to provide enough demand to support the product market as a whole and the economy collapses.

Unfortunately, even if businesses were legally required to pay more for labour, it only creates an incentive to automate faster and more extensively.  Human labour is rapidly being priced out of the market.  And without jobs, households have no money to spend, thus destroying the circular flow.

Put another way, you could say that customers are becoming too expensive for businesses.",B43YEW2FvDs
Ugj4F-hLzmIqt3gCoAEC,"when you have an AP Economics Exam in two days, and you're about to binge-watch six hours of CrashCourse videos",B43YEW2FvDs
Ugj-xqVX2NU4WngCoAEC,"Great, great, great video. Thank you :)",B43YEW2FvDs
UghjRb18dFqunXgCoAEC,lol united states is free-market good one,B43YEW2FvDs
UgjgWmH4w4mygHgCoAEC,The green shirt makes you look like a nurse. just saying no hard feelings just a plain observation,B43YEW2FvDs
UgheIM7Tr2zcJHgCoAEC,"jesus, just take that shirt off completely",B43YEW2FvDs
UggPgJQQmr74R3gCoAEC,"""Yo China let's economics'n chill""",B43YEW2FvDs
UgixodU31CIIhHgCoAEC,thank you.,B43YEW2FvDs
UggC3SLphEiTGXgCoAEC,that tan guys speaks too fast,B43YEW2FvDs
Ugg96Ioo22w-OngCoAEC,This is a new subject for me that I am trying to learn. Never had economics classes so thank you for making this video series.,B43YEW2FvDs
UgjWO_i03Ck1lngCoAEC,considering that the colonies before public education had a higer functional literacy then we appear to have now maybe education was a poor example of a public service....,B43YEW2FvDs
UgiHq4gog6frGngCoAEC,9:08: AC/DC belt buckle.,B43YEW2FvDs
UghmNTm7DD8X0ngCoAEC,"Mr. Clifford is wearing an ACDC belt, dayum! :'D",B43YEW2FvDs
UggbXmFOCC3LXHgCoAEC,we want john green back,B43YEW2FvDs
UggvY64h0uDwAngCoAEC,you guys suck,B43YEW2FvDs
Ugzze5Bm6pAN_QArA6B4AaABAg,"any American who says that they ""hate"" capitalism or socialism, are ignorant of history and economics.",B43YEW2FvDs
UgwcQaVIOJ2TJdbprMx4AaABAg,Harambe did 9/11,B43YEW2FvDs
Ugi6esWv_Xp8CXgCoAEC,Nuance!,B43YEW2FvDs
UgiFo2C5eCixbHgCoAEC,that ACDC belt made me click the thumbs up button furiously. LOL nice vid!,B43YEW2FvDs
UghOl4vsokstiXgCoAEC,DAS KAPITAL!!! ðŸ¤£,B43YEW2FvDs
UgjrcmZXFn1YLHgCoAEC,i want to date with the woman who broadcast,B43YEW2FvDs
UgiKiNdWpU9_K3gCoAEC,free market is caplitalist market? :/,B43YEW2FvDs
UgjdFXGyjEDvVngCoAEC,"Stop, just STOP. You can not say that you have to EXCUSE an economist if when out of their choices PEOPLE DIE or are put worst of. 

Why every human being shouldn't have a duty of care towards their fellow humans? And also, such economists, why shouldn't they held a greater degree of responsibility towards all the people their choices will affect?

perhaps when we thing ""equal"" we think of = but when looking at a wealth redistribution chart, maybe what ""equal"" means for an economist is >",B43YEW2FvDs
UghaDRprd0aY53gCoAEC,"I have a dream.. that one day Americans will be able to pronounce ""laissez faire""!
Great series so far though.",B43YEW2FvDs
UghfbVFKs4OAu3gCoAEC,"I'm from Venezuela, I'm so sad",B43YEW2FvDs
UgilHpxb0X7jd3gCoAEC,"0:55 ""... this shirt is way better, right?""

No, Adriene... no it isn't a better shirt. On the other hand, it's not really worse either.

Deng Xiaoping's shirt isn't just green, it's well well tailored. Your green shirt looks like you got it in prison.

A really nice prison, of course... But you still might want Jacob (or maybe your camera man) to vette your shirts before going on.

But I have to tell ya (if you're still reading this after me being all mean like that) you sure know a lot about economics, thanks for your great work.  :*",B43YEW2FvDs
UgjFatgB9UGYjHgCoAEC,nice belt buckle!,B43YEW2FvDs
UghryXcSM8pbzHgCoAEC,cool belt buckle Mr  clifford,B43YEW2FvDs
Ugjz-1Wl_vLrY3gCoAEC,ur ghay,B43YEW2FvDs
Ughp8NjiITew13gCoAEC,Government isn't necessary lol.,B43YEW2FvDs
UgjPUWj2yuMIFHgCoAEC,that green shirt is a terrible shirt.,B43YEW2FvDs
UggRQe5-MeknjngCoAEC,hello friends,B43YEW2FvDs
Ughqo-4BtJAN73gCoAEC,"Really good video, thank you!",B43YEW2FvDs
UgikUDim7PJSkXgCoAEC,Denmark has more of a free market than the US.,B43YEW2FvDs
UgjGAdeZdqfId3gCoAEC,She is so beautiful,B43YEW2FvDs
UgjXBWIjsYIKQXgCoAEC,the guy has a potential to be a very good rapper,B43YEW2FvDs
Ugj8R7Iz8Lz94XgCoAEC,"Guys, your chanel is the best chanel that I've ever watched, it's true :) But I'm from Russia, so I can't understand everything you say :( And I think that a lot of people from Russia also have this problem and we are waiting translation on our language so much.. Please, make it for us, I really hope that I will have possibility to see all your videos",B43YEW2FvDs
Ugj998s_2TpLyHgCoAEC,The guy speaks WAY to quickly.. Slow it down.. Almost impossible for kids to take in the info when its tossed at them so FAST...,B43YEW2FvDs
UgiEQnV7Sb2lUXgCoAEC,"Karl Marx doesnt want to abolish private property. He wants to abolish the private property of production capabilities. The so called bÃ¼rgerliches Eigentum which inherents the production and assimiliation of products, which EXPLOITS the working class.

Was den Kommunismus auszeichnet, ist nicht die Abschaffung des 
Eigentums Ã¼berhaupt, sondern die Abschaffung des bÃ¼rgerlichen Eigentums.
      Aber das moderne bÃ¼rgerliche Privateigentum ist der letzte und 
vollendetste Ausdruck der Erzeugung und Aneignung der Produkte, die auf 
KlassengegensÃ¤tzen, auf der Ausbeutung der einen durch die andern 
beruht. Karl Marx Manifest der kommunistischen Partei Kapitel 4",B43YEW2FvDs
UggS2yosPrpaE3gCoAEC,å¥³ã®å…ˆç”Ÿã¯å¯æ„›ã„ï¼ï¼,B43YEW2FvDs
UgimC7zUDiEFyXgCoAEC,I like ur belt,B43YEW2FvDs
Ugjx3NkqVPdW1XgCoAEC,"my gosh, could you guys talk any faster?",B43YEW2FvDs
UgjSwbgxXJz35ngCoAEC,so fast in speaking ... .,B43YEW2FvDs
Ugj4vVmHEolcT3gCoAEC,so fast in speaking ... .,B43YEW2FvDs
UghoMHwyjECI7HgCoAEC,Can't economists quantify human happiness (or well-being) and then maximize it?  That would move political decisions about economic policies from the realm of opinions to the realm of factual objectivity.,B43YEW2FvDs
Ugh9jbYafff6O3gCoAEC,Abolishment of property  does allow free markets... Everything will have to be leased form the state. It will create a better free market!,B43YEW2FvDs
Ugj2SsUrH9uPUngCoAEC,cool!,B43YEW2FvDs
UgiLkihl9GplR3gCoAEC,"From what I have read in multiple studies, a government safety net providing education, healthcare is actually an economical asset. When all is factored in, this is economically beneficial for the government and the private sector. So even if you dont care about other's well-being, you should still support these initiatives because they are good collectively and individually.",B43YEW2FvDs
Ugi0HhjHe-C6oXgCoAEC,What about Peter Schiff being one of the few to successfully predict the last two boom and bust cycles (the dot com and the housing crisis)? Shouldn't we listen a lot more closely to him?,B43YEW2FvDs
Ugiwj83XM6-1UHgCoAEC,but the national treasure like gold or fossil fuel.who actually own it,B43YEW2FvDs
UghtaugFhLCfiXgCoAEC,You guys are awesome. Loving the course. \m/,B43YEW2FvDs
Ugj37fbQruv64HgCoAEC,"under which Economic systems ""The science "" suffers most?..Is it comman economy where Govt have all access to U even your death and life,personal things but good in helthcare,distribution for everyone, Education facilities for everyone that fills basic needs of human nature (and according to Marshlow's system of need the fundamental needs are secured)  that is good for a man and end of the result we will get  beautiful human seeds with creativity, and this economy secures also working conditions (according to theory) that may provides a man ""the right to think other then Eat-sleep- repeat -work-earn "" but The capitalism is also good because it may provides ""what to make?,how to make? and etc""...but If human brains are made like ""what he think deeply, can focuses on it deeply and improve it"" then Under the warld wars the Industries of war gained proft great and also losses ""human capital or Assets ""... so,If in this era Science focuses on ""provide consumer greater satisfaction "" then Is it not Enslaves itself and as a matter of fact ""U don't get physically the bus to paris and canda at the same click of second or simply can't think twice "" how then Science developed fundamentally?? â˜•",B43YEW2FvDs
Ugg2w9wetgYR53gCoAEC,the government pays to borrow money and taxes the pubic to pay it off and the dollar is designed for inflation,B43YEW2FvDs
UghyBLeQc68WR3gCoAEC,"theirs cars that are ""too fuel effective"" that the government banned cause they won't get as much $ from gas",B43YEW2FvDs
UgiB9G2EwvBZGXgCoAEC,Definition of socialism: seize the means of production!!! Communism is more like authoritarian socialism.,B43YEW2FvDs
UggRZ3tJpkoDJHgCoAEC,fuark whose mirin?,B43YEW2FvDs
UghTTlTltClkLXgCoAEC,"Lol, spent the first minute contemplating if I should comment on her scrub top.",B43YEW2FvDs
UghRW-Aq4m2w7XgCoAEC,"Great content and easy to grasp! If Jacob could speak a little slower that'd be great, it's a bit hard to take notes at the speed he's talking :)",B43YEW2FvDs
UgikWcCuZhUVcHgCoAEC,"i dare you make a video on the failures of the various schools and  their theorys, and for the austrains, must use rothbard as he improved upon mises, who improved upon mengar",B43YEW2FvDs
UggwiDgKN5cmOXgCoAEC,"no property = no freedom. if i cant own the produts of my labor, i canot own my self.",B43YEW2FvDs
UgjFAiha0RIr6HgCoAEC,çœŸtmå–œæ¬¢ä¸­å›½,B43YEW2FvDs
UgiiVqjEZcn02XgCoAEC,Crash Course got me through my Civics and Economics class ðŸ˜„,B43YEW2FvDs
Ughjszqic_kPLXgCoAEC,"Regarding the question about helping the poor. An economist could think about whether providing subsidies to the poor would help or hurt the economy, and choose accordingly.",B43YEW2FvDs
Ugj6GZDNs6VlingCoAEC,The biggest issue that we face as a society is selfishness period.,B43YEW2FvDs
Ugh_WTkf_mS_K3gCoAEC,Can you do an episode on the EU?,B43YEW2FvDs
UgjOb15BGegNmHgCoAEC,"Denmark is a mixed economy. There is a lot less mercantilism and protectionism in DK than the US, although the taxes are higher and public sector is way bigger. So in a way the market is freer",B43YEW2FvDs
UgiMh3urZ58obXgCoAEC,"I love that guys wanna be somewhat neutral on the political spectrum, but honestly... planned economy doesn't work.",B43YEW2FvDs
UgiDLsudlF3ekHgCoAEC,"""Nobody really cares about the new iPhone if there's a bomb dropping on your head""

They predicted the Note 7. #conspiracy",B43YEW2FvDs
